Trait,Authors,Year,Term,Simplified Term,Text Definition,Term Definition Citation,Data Source Citations,
Sociality,Banaszak-Cibicka and Zmihorski,2012,parasitic,cleptoparasite,NA,NA,Banaszak (1993); Scheuchl (1995); Schmid-Egger and Scheuchl (1997); Banaszak et al. (2001); Pesenko et al. (2002); Pawlikowski and Celary (2003),
Sociality,Buchholz et al.,2020,cuckoo,cleptoparasite,NA,NA,"Amiet (1996); Amiet et al. (1999, 2001, 2004, 2007); Gokcezade et al. (2010)",
Sociality,Cabral Borges et al.,2020,cleptoparasitic,cleptoparasite,NA,NA,refs included in dataset CSV,
Sociality,Davis and Comai,2022,kleptoparasitic,cleptoparasite,NA,NA,Scott (2011); Michener (2007),
Sociality,Forrest et al.,2015,cleptoparasitic,cleptoparasite,NA,NA,Michener (2000),
Sociality,Kratschmer et al.,2019,parasitic,cleptoparasite,females lay their eggs in nests of specific host species,NA,Scheuchel and Willner (2016),
Sociality,Nooten et al.,2020,parasitic,cleptoparasite,NA,NA,refs in paper,
Sociality,Normandin et al.,2017,cleptoparasite,cleptoparasite,NA,NA,Ascher and Pickering (2014),
Sociality,O'Brien and Arathi,2019,parasite,cleptoparasite,NA,NA,Michener (1974),
Sociality,O'Brien and Arathi,2019,parasite,cleptoparasite,NA,NA,Michener et al. (1974),
Sociality,Passaseo et al.,2020,clepto-parasite,cleptoparasite,NA,NA,Yuko et al. (2009); Banaszak-Cibicka and Zmihorski (2012); Magnacca and Brown (2012),
Sociality,Wilson and Jamieson,2019,cleptoparasite,cleptoparasite,NA,NA,Gibbs et al.,
Sociality,Jacquemin et al.,2020,cleptoparasites,cleptoparasite,lay their eggs in nests built and supplied with pollen by host species,Goulson (2010),NA,
Sociality,Odanaka and Rehan,2019,cleptoparasitic,cleptoparasite,NA,Kratschmer et al. (2019),NA,
Sociality,Rollin et al.,2015,parasitic,cleptoparasite,mostly kleptoparasitic bees (cuckoo bees) which enter the nest of a host and lay eggs in existing cells,Michener (2007),Refs in paper,
Sociality,Carper et al.,2014,parasitic,cleptoparasite,NA,NA,NA,
Sociality,Cohen et al.,2022,parasitic,cleptoparasite,Bees that invade nests of other species. Example species: Nomada edwardsii,NA,NA,
Sociality,Cunningham-Minnick et al.,2020,parasitic,cleptoparasite,NA,NA,NA,
Sociality,Giannini,2020,cleptoparasitic,cleptoparasite,NA,NA,NA,
Sociality,Gruver and Caradonna,2021,parasitic,cleptoparasite,NA,NA,NA,
Sociality,Hung et al.,2021,cleptoparasitic,cleptoparasite,NA,NA,NA,
Sociality,Hung et al.,2019,cleptoparasitic,cleptoparasite,reproducing in nest of either eusocial or non-eusocial host bee,NA,NA,
Sociality,Mazzeo and Torretta,2015,parasitic,cleptoparasite,NA,NA,NA,
Sociality,Montoya-Pfeiffer et al.,2020,cleptoparasite,cleptoparasite,NA,NA,NA,
Sociality,Papanikolaou et al.,2017,cleptoparasite,cleptoparasite,NA,NA,NA,
Sociality,Pei et al.,2022,cleptoparasitic,cleptoparasite,parasitic bee species that parasitize the collected resources of host bees,NA,,
Sociality,Sobieraj-Betlinska et al.,2022,cleptoparasitic,cleptoparasite,NA,NA,NA,
Sociality,Tonietto et al.,2017,cleptoparasite,cleptoparasite,NA,NA,NA,
Sociality,Normandin et al.,2017,communal,communal,NA,NA,Ascher and Pickering (2014),
Sociality,Wilson and Jamieson,2019,communal,communal,NA,NA,Gibbs et al.,
Sociality,Jacquemin et al.,2020,communal,communal,females share a common nest entrance but supply their own cells,Goulson (2010),NA,
Sociality,Papanikolaou et al.,2017,communal,communal,NA,NA,NA,
Sociality,Pei et al.,2022,communal/semisocial,communal/semisocial,species documented to exhibit flexible sociality or aggregate nests,Michener (2007),NA,
Sociality,Banaszak-Cibicka and Zmihorski,2012,eusocial,eusocial,NA,NA,Banaszak (1993); Scheuchl (1995); Schmid-Egger and Scheuchl (1997); Banaszak et al. (2001); Pesenko et al. (2002); Pawlikowski and Celary (2003),
Sociality,Cabral Borges et al.,2020,eusocial,eusocial,"Apini, Bombini, and Meliponini tribes that present obligatory cooperative brood care",NA,refs included in dataset CSV,
Sociality,Kratschmer et al.,2019,eusocial,eusocial,division of tasks: egg-laying females and females that collect resources,NA,Scheuchel and Willner (2016),
Sociality,Kratschmer et al.,2021,eusocial,eusocial,nest and breed alone,NA,Scheuchel and Willner (2016); Greenleaf et al. (2007); Westrich (2018),
Sociality,Martins et al.,2015,eusocial,eusocial,NA,NA,Refs in paper,
Sociality,Normandin et al.,2017,eusocial,eusocial,NA,NA,Ascher and Pickering (2014),
Sociality,O'Brien and Arathi,2019,eusocial,eusocial,NA,NA,Michener (1974),
Sociality,O'Brien and Arathi,2019,eusocial,eusocial,NA,NA,Michener et al. (1974),
Sociality,Passaseo et al.,2020,eusocial,eusocial,NA,NA,Yuko et al. (2009); Banaszak-Cibicka and Zmihorski (2012); Magnacca and Brown (2012),
Sociality,Staton et al.,2022,eusocial,eusocial,NA,NA,Falk (2017),
Sociality,Wilson and Jamieson,2019,eusocial,eusocial,NA,NA,Gibbs et al.,
Sociality,Dalmazzo,2010,eusociales,eusocial,especies que presentan colonias con división del trabajo en castas y cooperación de dos o más generacions de hembras adultas,Michener (2007),NA,
Sociality,Pei et al.,2022,eusocial,eusocial,"species that have a division of labor with a main egg-laying female(s), including primitively eusocial Halictid species",Michener (2007),NA,
Sociality,Alvarenga et al.,2020,eusocial,eusocial,NA,NA,NA,
Sociality,Bartomeus et al.,2013,eusocial,eusocial,NA,NA,NA,
Sociality,Bartomeus et al.,2018,eusocial,eusocial,NA,NA,NA,
Sociality,Carper et al.,2014,eusocial,eusocial,NA,NA,NA,
Sociality,Graham et al.,2021,eusocial,eusocial,NA,NA,NA,
Sociality,Gruver and Caradonna,2021,eusocial,eusocial,NA,NA,NA,
Sociality,Hung et al.,2019,eusocial,eusocial,possessing clear reproductive caste differentiation,NA,NA,
Sociality,Kammerer et al.,2021,eusocial,eusocial,NA,NA,NA,
Sociality,Sobieraj-Betlinska et al.,2022,eusocial,eusocial,NA,NA,NA,
Sociality,Tonietto et al.,2017,eusocial,eusocial,NA,NA,NA,
Sociality,Bartomeus et al.,2013,facultative social,facultatively social,NA,NA,NA,
Sociality,Bartomeus et al.,2018,facultative social,facultatively social,NA,NA,NA,
Sociality,Graham et al.,2021,facultative,facultatively social,NA,NA,NA,
Sociality,Rollin et al.,2015,gregarious,gregarious,"breed individually like solitary bees but nest close to conspecifics, sometimes at high densities over a limited area (mostly observed in ground nesting species)",Michener (2007),Refs in paper,
Sociality,Graf et al.,2022,highly eusocial,highly eusocial,NA,Martins et al. (2013),NA,
Sociality,Alvarenga et al.,2020,non-eusocial,non-eusocial,NA,NA,NA,
Sociality,Gruver and Caradonna,2021,noneusocial,non-eusocial,NA,NA,NA,
Sociality,Hung et al.,2021,non-eusocial,non-eusocial,NA,NA,NA,
Sociality,Hung et al.,2019,non-eusocial,non-eusocial,"without reproductice caste differentiation (i.e., each female produces own offspring)",NA,NA,
Sociality,Tonietto et al.,2017,non-eusocial,non-eusocial,NA,NA,NA,
Sociality,Beyer et al.,2021,non-social,non-social,NA,NA,NA,
Sociality,Garibaldi et al.,2015,not social,non-social,NA,NA,NA,
Sociality,De Palma et al.,2015,not obligately solitary,not obligately solitary,NA,NA,NA,"highly eusocial, primitively eusocial, solitary/primitively eusocial, polymorphic, social parasites"
Sociality,De Palma et al.,2015,obligately solitary,obligately solitary,NA,NA,NA,"solitary, solitary or communal, communal, cleptoparasitic"
Sociality,Staton et al.,2022,primitively eusocial,primitively eusocial,NA,NA,Falk (2017),
Sociality,Graf et al.,2022,primitive eusocial,primitively eusocial,NA,Martins et al. (2013),NA,
Sociality,Hall et al.,2019,primitively eusocial,primitively eusocial,NA,Michener (1969),NA,
Sociality,Jacquemin et al.,2020,primitively eusocial,primitively eusocial,live in small colonies in which the females go through a solitary phase or may switch between roles as workers or queens,Goulson (2010),NA,
Sociality,Rollin et al.,2015,primitively eusocial,primitively eusocial,"live in small colonies composed of a queen, the only egg-laying female which also initializes th nest, and of worker females which perform current tasks including foraging, cell provisioning, and nursing",Michener (2007),Refs in paper,
Sociality,Hung et al.,2021,primitively eusocial,primitively eusocial,NA,NA,NA,
Sociality,Papanikolaou et al.,2017,primitively eusocial,primitively eusocial,NA,NA,NA,
Sociality,Pisanty and Mandelik,2015,primitively eusocial,primitively eusocial,NA,NA,NA,
Sociality,Hall et al.,2019,semi-social,semi-social,guard bee present,Michener (1969),NA,
Sociality,Montoya-Pfeiffer et al.,2020,semi-social,semi-social,NA,NA,NA,
Sociality,Bommarco et al.,2010,social,social,NA,NA,Michener (2000),
Sociality,Buchholz et al.,2020,social,social,NA,NA,"Amiet (1996); Amiet et al. (1999, 2001, 2004, 2007); Gokcezade et al. (2010)",
Sociality,Carrie et al.,2016,social,social,"included species that live in a colony characterized by cooperative brood care, therefore including eusocial and primitively social species",NA,Settele et al. (2005); Michener (2000); Gathmann and Tscharntke (2002); Bommarco et al. (2010); Fortel et al. (2014); Forrest et al. (2015),
Sociality,Coutinho et al.,2021,social,social,NA,NA,"Michener (1969, 2000); Almeida (2008)",
Sociality,Davis and Comai,2022,social,social,NA,NA,Scott (2011); Michener (2007),
Sociality,Forrest et al.,2015,social,social,NA,NA,Michener (2000),
Sociality,Fortel et al.,2014,social,social,NA,NA,cited in refs,
Sociality,Geppert et al.,2023,social,social,NA,NA,Refs in supplementary,
Sociality,Guenat et al.,2018,social,social,NA,NA,"Michener (1971, 2000); Eardley et al. (2010)",
Sociality,Hopfenmüller et al.,2014,social (large),social,NA,NA,Westrich (1990),
Sociality,Hopfenmüller et al.,2014,social (small),social,NA,NA,Westrich (1990),
Sociality,Jauker et al.,2013,social,social,live in a colony characterized by cooperative brood care,NA,Westrich (1989),
Sociality,McCravy et al.,2019,social,social,NA,NA,Refs in paper,
Sociality,Nooten et al.,2020,social,social,NA,NA,refs in paper,
Sociality,O'Brien and Arathi,2019,social,social,NA,NA,Michener (1974),
Sociality,O'Brien and Arathi,2019,social forms,social,NA,NA,Michener et al. (1974),
Sociality,Roquer-Beni et al.,2021,social,social,NA,NA,BWARS; Westrich (1989); Westrich (2018); Michez et al. (2019),
Sociality,Le Feon et al.,2015,social,social,NA,Michener (2007),Refs in paper,
Sociality,Odanaka and Rehan,2019,social,social,NA,Kratschmer et al. (2019),NA,
Sociality,Beyer et al.,2021,social,social,NA,NA,NA,
Sociality,Cohen et al.,2022,social,social,Eusocial bees or primitively eusocial bees. Example specis: Apis mellifera,NA,NA,
Sociality,Cunningham-Minnick et al.,2020,social,social,NA,NA,NA,
Sociality,Figueroa et al.,2021,social,social,NA,NA,NA,
Sociality,Fortuin and Gandhi,2021,social,social,NA,NA,NA,
Sociality,Garibaldi et al.,2015,social,social,"colony building, including all eusocial as well as semi-social species",NA,NA,
Sociality,Giannini,2020,social,social,NA,NA,NA,
Sociality,Gutiérrez-Chacón et al.,2020,social,social,NA,NA,NA,
Sociality,Hamblin et al.,2017,social,social,NA,NA,NA,
Sociality,Harrison et al.,2018,social,social,NA,NA,NA,
Sociality,Hoiss et al.,2012,social,social,NA,NA,NA,
Sociality,Mazzeo and Torretta,2015,social,social,NA,NA,NA,
Sociality,Montoya-Pfeiffer et al.,2020,social,social,NA,NA,NA,
Sociality,Moretti et al.,2009,social,social,colony founded by single individual on annual cycle (primitive eusocial) or a year-round colony (advanced eusocial),NA,NA,
Sociality,Munyuli,2014,social,social,NA,NA,NA,
Sociality,Rader et al.,2014,social,social,NA,NA,NA,
Sociality,Ricotta and Moretti,2011,social,social,NA,NA,NA,
Sociality,Williams et al.,2010,social,social,NA,NA,NA,
Sociality,Woodcock et al.,2014,social,social,NA,NA,NA,
Sociality,Jacquemin et al.,2020,social parasite,social parasite,mated females or workers are adopted by host speies colonies,Goulson (2010),NA,
Sociality,Papanikolaou et al.,2017,social parasite,social parasite,NA,NA,NA,
Sociality,Banaszak-Cibicka and Zmihorski,2012,solitary,solitary,NA,NA,Banaszak (1993); Scheuchl (1995); Schmid-Egger and Scheuchl (1997); Banaszak et al. (2001); Pesenko et al. (2002); Pawlikowski and Celary (2003),
Sociality,Bommarco et al.,2010,solitary,solitary,NA,NA,Michener (2000),
Sociality,Buchholz et al.,2020,solitary,solitary,NA,NA,"Amiet (1996); Amiet et al. (1999, 2001, 2004, 2007); Gokcezade et al. (2010)",
Sociality,Cabral Borges et al.,2020,solitary,solitary,NA,NA,refs included in dataset CSV,
Sociality,Carrie et al.,2016,solitary,solitary,included species that care only for their own offspring,NA,Settele et al. (2005); Michener (2000); Gathmann and Tscharntke (2002); Bommarco et al. (2010); Fortel et al. (2014); Forrest et al. (2015),
Sociality,Coutinho et al.,2021,solitary,solitary,NA,NA,"Michener (1969, 2000); Almeida (2008)",
Sociality,Davis and Comai,2022,solitary,solitary,NA,NA,Scott (2011); Michener (2007),
Sociality,Forrest et al.,2015,solitary,solitary,NA,NA,Michener (2000),
Sociality,Fortel et al.,2014,solitary,solitary,NA,NA,cited in refs,
Sociality,Geppert et al.,2023,solitary,solitary,NA,NA,Refs in supplementary,
Sociality,Guenat et al.,2018,solitary,solitary,NA,NA,"Michener (1971, 2000); Eardley et al. (2010)",
Sociality,Hopfenmüller et al.,2014,solitary,solitary,NA,NA,Westrich (1990),
Sociality,Jauker et al.,2013,solitary,solitary,cares only for her own offspring,NA,Westrich (1989),
Sociality,Kratschmer et al.,2021,solitary,solitary,"divide tasks (egg-laying, foraging) between castes",NA,Scheuchel and Willner (2016); Greenleaf et al. (2007); Westrich (2018),
Sociality,Kratschmer et al.,2019,solitary,solitary,nest establishment and resource collection by each female alone,NA,Scheuchel and Willner (2016),
Sociality,Martins et al.,2015,solitary,solitary,NA,NA,Refs in paper,
Sociality,McCravy et al.,2019,solitary,solitary,NA,NA,Refs in paper,
Sociality,Nooten et al.,2020,solitary,solitary,NA,NA,refs in paper,
Sociality,Normandin et al.,2017,solitary,solitary,NA,NA,Ascher and Pickering (2014),
Sociality,O'Brien and Arathi,2019,solitary,solitary,NA,NA,Michener (1974),
Sociality,O'Brien and Arathi,2019,solitary,solitary,NA,NA,Michener et al. (1974),
Sociality,Passaseo et al.,2020,solitary,solitary,NA,NA,Yuko et al. (2009); Banaszak-Cibicka and Zmihorski (2012); Magnacca and Brown (2012),
Sociality,Roquer-Beni et al.,2021,solitary,solitary,NA,NA,BWARS; Westrich (1989); Westrich (2018); Michez et al. (2019),
Sociality,Wilson and Jamieson,2019,solitary,solitary,NA,NA,Gibbs et al.,
Sociality,Le Feon et al.,2015,solitary,solitary,NA,Michener (2007),Refs in paper,
Sociality,Dalmazzo,2010,solitarias,solitary,NA,Michener (2007),NA,
Sociality,Graf et al.,2022,solitary,solitary,NA,Martins et al. (2013),NA,
Sociality,Hall et al.,2019,solitary,solitary,NA,Michener (1969),NA,
Sociality,Jacquemin et al.,2020,solitary,solitary,all females are fertile and individually build their nest,Goulson (2010),NA,
Sociality,Odanaka and Rehan,2019,solitary,solitary,NA,Kratschmer et al. (2019),NA,
Sociality,Pei et al.,2022,solitary,solitary,species who provision their own nests,Michener (2007),NA,
Sociality,Rollin et al.,2015,solitary,solitary,construct their own nest and provide offspring with food without any help from conspecifics,Michener (2007),Refs in paper,
Sociality,Bartomeus et al.,2013,solitary,solitary,NA,NA,NA,
Sociality,Bartomeus et al.,2018,solitary,solitary,NA,NA,NA,
Sociality,Carper et al.,2014,solitary,solitary,NA,NA,NA,
Sociality,Cohen et al.,2022,solitary,solitary,"Bees that forage, nest, and reproduce individually for the majority of their lifespan. Example species: Megachile apicalis",NA,NA,
Sociality,Cunningham-Minnick et al.,2020,solitary,solitary,NA,NA,NA,
Sociality,Figueroa et al.,2021,solitary,solitary,NA,NA,NA,
Sociality,Fortuin and Gandhi,2021,solitary,solitary,NA,NA,NA,
Sociality,Giannini,2020,solitary,solitary,NA,NA,NA,
Sociality,Graham et al.,2021,solitary,solitary,NA,NA,NA,
Sociality,Gutiérrez-Chacón et al.,2020,solitary,solitary,NA,NA,NA,
Sociality,Hamblin et al.,2017,solitary,solitary,NA,NA,NA,
Sociality,Harrison et al.,2018,solitary,solitary,NA,NA,NA,
Sociality,Hoiss et al.,2012,solitary,solitary,NA,NA,NA,
Sociality,Kammerer et al.,2021,solitary,solitary,NA,NA,NA,
Sociality,Mazzeo and Torretta,2015,solitary,solitary,NA,NA,NA,
Sociality,Montoya-Pfeiffer et al.,2020,solitary,solitary,NA,NA,NA,
Sociality,Moretti et al.,2009,solitary,solitary,NA,NA,NA,
Sociality,Munyuli,2014,solitary,solitary,NA,NA,NA,
Sociality,Papanikolaou et al.,2017,solitary,solitary,NA,NA,NA,
Sociality,Pisanty and Mandelik,2015,solitary,solitary,NA,NA,NA,
Sociality,Rader et al.,2014,solitary,solitary,NA,NA,NA,
Sociality,Ricotta and Moretti,2011,solitary,solitary,NA,NA,NA,
Sociality,Sobieraj-Betlinska et al.,2022,solitary,solitary,NA,NA,NA,
Sociality,Williams et al.,2010,solitary,solitary,NA,NA,NA,
Sociality,Woodcock et al.,2014,solitary,solitary,NA,NA,NA,
Sociality,Jacquemin et al.,2020,solitary+primitively eusocial,solitary and primitively eusocial,have a polymorphic sociality,Goulson (2010),NA,
Sociality,Staton et al.,2022,solitary or brood parasite,solitary or brood parasite,NA,NA,Falk (2017),
Sociality,O'Brien and Arathi,2019,"solitary, social forms","solitary, social forms",NA,NA,Michener et al. (1974),
Sociality,Wilson and Jamieson,2019,subsocial,sub-social,NA,NA,Gibbs et al.,
Sociality,Hall et al.,2019,sub-social,sub-social,no guard bee at nest entrance,Michener (1969),NA,
Sociality,Carper et al.,2014,subsocial,sub-social,NA,NA,NA,
Sociality,Nooten et al.,2020,subsocial,subsocial,bees known to have prolonged parental care and mother-offspring interaction,NA,refs in paper,
Sociality,Davis and Comai,2022,multiple,variable,NA,NA,Scott (2011); Michener (2007),
Sociality,Moretti et al.,2009,variable,variable,NA,NA,NA,
Sociality,Ricotta and Moretti,2011,variable,variable,NA,NA,NA,
Nesting biology,Buchholz et al.,2020,aboveground cavity,above-ground cavity,NA,NA,"Amiet (1996); Amiet et al. (1999, 2001, 2004, 2007); Gokcezade et al. (2010)",
Nesting biology,Buchholz et al.,2020,aboveground cavity and tunnel,aboveground cavity and tunnel,NA,NA,"Amiet (1996); Amiet et al. (1999, 2001, 2004, 2007); Gokcezade et al. (2010)",
Nesting biology,Buchholz et al.,2020,kleptoparasite,cleptoparasite,NA,NA,"Amiet (1996); Amiet et al. (1999, 2001, 2004, 2007); Gokcezade et al. (2010)",
Nesting biology,Buchholz et al.,2020,tunnel,tunnel,NA,NA,"Amiet (1996); Amiet et al. (1999, 2001, 2004, 2007); Gokcezade et al. (2010)",
Nesting biology,Normandin et al.,2017,cavity above ground,above-ground cavity,NA,NA,Ascher and Pickering (2014),
Nesting biology,Normandin et al.,2017,cavity below ground,below-ground cavity,NA,NA,Ascher and Pickering (2014),
Nesting biology,Normandin et al.,2017,cleptoparasites,cleptoparasite,NA,NA,Ascher and Pickering (2014),
Nesting biology,Normandin et al.,2017,ground,ground,NA,NA,Ascher and Pickering (2014),
Nesting biology,Normandin et al.,2017,social parasite,social parasite,NA,NA,Ascher and Pickering (2014),
Nesting biology,Banaszak-Cibicka and Zmihorski,2012,cavity,cavity,NA,NA,Banaszak (1993); Scheuchl (1995); Schmid-Egger and Scheuchl (1997); Banaszak et al. (2001); Pesenko et al. (2002); Pawlikowski and Celary (2003),
Nesting biology,Banaszak-Cibicka and Zmihorski,2012,soil,soil,NA,NA,Banaszak (1993); Scheuchl (1995); Schmid-Egger and Scheuchl (1997); Banaszak et al. (2001); Pesenko et al. (2002); Pawlikowski and Celary (2003),
Nesting biology,Passaseo et al.,2020,cavity,cavity,NA,NA,Banaszak-Cibicka and Zmihorski (2012); Geslin et al. (2013),
Nesting biology,Passaseo et al.,2020,ground,ground,NA,NA,Banaszak-Cibicka and Zmihorski (2012); Geslin et al. (2013),
Nesting biology,Passaseo et al.,2020,hive,hive,NA,NA,Banaszak-Cibicka and Zmihorski (2012); Geslin et al. (2013),
Nesting biology,Main et al.,2019,cavity-nesters,cavity,"Nests aboveground in tunnels and cavities (e.g., trees, fallen logs, boxes)",NA,Brittain and Potts (2011); Otieno et al. (2015),
Nesting biology,Main et al.,2019,cleptoparasites,cleptoparasite,No nest; occupy nests of other bees; parasitic,NA,Brittain and Potts (2011); Otieno et al. (2015),
Nesting biology,Roquer-Beni et al.,2021,above ground,above-ground,NA,NA,BWARS; Westrich (1989); Westrich (2018); Michez et al. (2019),
Nesting biology,Roquer-Beni et al.,2021,below ground,below-ground,NA,NA,BWARS; Westrich (1989); Westrich (2018); Michez et al. (2019),
Nesting biology,Steinert et al.,2020,above-ground,above-ground,NA,NA,Carreck (2016); Westrich (1990),
Nesting biology,Steinert et al.,2020,below-ground,below-ground,NA,NA,Carreck (2016); Westrich (1990),
Nesting biology,Bruninga-Socolar et al.,2022,large cavity,cavity,large-cavity nesting bees use old rodent burrows or similar cavities that can be either above- or belowground,NA,Frison (1921); Sakagami and Michener (1962); Michener (1966); Medler (1967); Rozen (1967); Michener (1978); Cameron et al. (1996); Hoebeke and Wheeler (1999); Pesenko and Astafurova (2006); Michener (2007); Packer et al. (2007); Dumesh and Sheffield (2012); Smith et al. (2012); Gibbs et al. (2017),
Nesting biology,Bruninga-Socolar et al.,2022,ground,ground,NA,NA,Frison (1921); Sakagami and Michener (1962); Michener (1966); Medler (1967); Rozen (1967); Michener (1978); Cameron et al. (1996); Hoebeke and Wheeler (1999); Pesenko and Astafurova (2006); Michener (2007); Packer et al. (2007); Dumesh and Sheffield (2012); Smith et al. (2012); Gibbs et al. (2017),
Nesting biology,Bruninga-Socolar et al.,2022,stem/hole,variable,"stem/hole nesters use preexisting cylindrical cavities, typically in logs or plant stems of various ages (hole nesters), or excavate fresh pithy stems to construct nests (stem nesters)",NA,Frison (1921); Sakagami and Michener (1962); Michener (1966); Medler (1967); Rozen (1967); Michener (1978); Cameron et al. (1996); Hoebeke and Wheeler (1999); Pesenko and Astafurova (2006); Michener (2007); Packer et al. (2007); Dumesh and Sheffield (2012); Smith et al. (2012); Gibbs et al. (2017),
Nesting biology,Wilson and Jamieson,2019,cavity,cavity,NA,NA,Gibbs et al.,
Nesting biology,Wilson and Jamieson,2019,ground,ground,NA,NA,Gibbs et al.,
Nesting biology,Wilson and Jamieson,2019,hard wood,hard wood,NA,NA,Gibbs et al.,
Nesting biology,Wilson and Jamieson,2019,managed hives,hive,NA,NA,Gibbs et al.,
Nesting biology,Wilson and Jamieson,2019,soft wood,soft wood,NA,NA,Gibbs et al.,
Nesting biology,Wilson and Jamieson,2019,stem,stem,NA,NA,Gibbs et al.,
Nesting biology,Evans et al.,2018,above ground,above-ground,NA,NA,"Hobbs (1966, 1967, 1968); Michener (2000); Sheffield et al. (2008)",
Nesting biology,Evans et al.,2018,below ground,below-ground,NA,NA,"Hobbs (1966, 1967, 1968); Michener (2000); Sheffield et al. (2008)",
Nesting biology,Evans et al.,2018,cleptoparasitic,cleptoparasite,NA,NA,"Hobbs (1966, 1967, 1968); Michener (2000); Sheffield et al. (2008)",
Nesting biology,Cane et al.,2006,above-ground cavity,above-ground cavity,NA,NA,"Hurd and Linsley (1975); Krombein et al. (1979); Minckley et al. (1999, 2000)",
Nesting biology,Cane et al.,2006,subterranean,below-ground,NA,NA,"Hurd and Linsley (1975); Krombein et al. (1979); Minckley et al. (1999, 2000)",
Nesting biology,Forrest et al.,2015,above-ground,above-ground,NA,NA,"Krombein (1967); Michener (2000); Cane, Griswold & Parker (2007); Sheffield et al. (2011)",
Nesting biology,Forrest et al.,2015,below-ground,below-ground,NA,NA,"Krombein (1967); Michener (2000); Cane, Griswold & Parker (2007); Sheffield et al. (2011)",
Nesting biology,Forrest et al.,2015,mixed,variable,NA,NA,"Krombein (1967); Michener (2000); Cane, Griswold & Parker (2007); Sheffield et al. (2011)",
Nesting biology,Guenat et al.,2018,cavity nesting,cavity,NA,NA,"Michener (1968, 1971); Eardley et al. (2010)",
Nesting biology,Guenat et al.,2018,soil nesting,soil,NA,NA,"Michener (1968, 1971); Eardley et al. (2010)",
Nesting biology,O'Brien and Arathi,2019,cavity,cavity,NA,NA,Michener (1974),
Nesting biology,O'Brien and Arathi,2019,parasitic,cleptoparasite,NA,NA,Michener (1974),
Nesting biology,O'Brien and Arathi,2019,ground,ground,NA,NA,Michener (1974),
Nesting biology,O'Brien and Arathi,2019,cavity/hive boxes,hive,NA,NA,Michener (1974),
Nesting biology,O'Brien and Arathi,2019,stem,stem,NA,NA,Michener (1974),
Nesting biology,Hall et al.,2019,bare ground,bare ground,NA,NA,Michener (2007),
Nesting biology,Hall et al.,2019,ground,ground,NA,NA,Michener (2007),
Nesting biology,Hall et al.,2019,hollow branch,stem,NA,NA,Michener (2007),
Nesting biology,Hass et al.,2018,above-ground nesting,above-ground,NA,NA,Michener (2007),
Nesting biology,Hass et al.,2018,below-ground nesting,below-ground,NA,NA,Michener (2007),
Nesting biology,O'Brien and Arathi,2019,cavity,cavity,NA,NA,Michener et al. (1974),
Nesting biology,O'Brien and Arathi,2019,parasitic,cleptoparasite,NA,NA,Michener et al. (1974),
Nesting biology,O'Brien and Arathi,2019,ground,ground,NA,NA,Michener et al. (1974),
Nesting biology,O'Brien and Arathi,2019,cavity/hive boxes,hive,NA,NA,Michener et al. (1974),
Nesting biology,O'Brien and Arathi,2019,stem,stem,NA,NA,Michener et al. (1974),
Nesting biology,Lazarina et al.,2016,cleptoparasitic,cleptoparasite,NA,NA,Müller (2015); Westrich (1989),
Nesting biology,Lazarina et al.,2016,ground-nesting,ground,NA,NA,Müller (2015); Westrich (1989),
Nesting biology,Lazarina et al.,2016,various nesting preferences,variable,NA,NA,Müller (2015); Westrich (1989),
Nesting biology,Bartomeus et al.,2013,cavity,cavity,NA,NA,NA,
Nesting biology,Bartomeus et al.,2018,large cavities,cavity,NA,NA,NA,
Nesting biology,Bartomeus et al.,2018,ground,ground,NA,NA,NA,
Nesting biology,Bartomeus et al.,2013,hole,hole,NA,NA,NA,
Nesting biology,Bartomeus et al.,2018,pre-existing holes in wood,pre-existing holes in wood,NA,NA,NA,
Nesting biology,Bartomeus et al.,2013,soil,soil,NA,NA,NA,
Nesting biology,Bartomeus et al.,2013,stem,stem,NA,NA,NA,
Nesting biology,Bartomeus et al.,2018,stems,stem,NA,NA,NA,
Nesting biology,Bartomeus et al.,2018,decaying wood,wood,NA,NA,NA,
Nesting biology,Bartomeus et al.,2013,wood,wood,NA,NA,NA,
Nesting biology,Carper et al.,2014,cavity,cavity,NA,NA,NA,
Nesting biology,Carper et al.,2014,hive,hive,NA,NA,NA,
Nesting biology,Carper et al.,2014,soil,soil,NA,NA,NA,
Nesting biology,Carper et al.,2014,pithy stems,stem,NA,NA,NA,
Nesting biology,Carper et al.,2014,wood,wood,NA,NA,NA,
Nesting biology,Cohen et al.,2022,above ground,above-ground,"All nest types, from cavity nests to tunnels burrowed into wood",NA,NA,
Nesting biology,Cohen et al.,2022,below ground,below-ground,NA,NA,NA,
Nesting biology,Cohen et al.,2022,both,variable,NA,NA,NA,
Nesting biology,Cunningham-Minnick et al.,2020,ground,ground,"includes bees that nest within, as well as on the surface, of the soil",NA,NA,
Nesting biology,Cunningham-Minnick et al.,2020,hive,hive,NA,NA,NA,
Nesting biology,Cunningham-Minnick et al.,2020,wood,wood,"includes cavity nesting and pith-excavating bees, as well as bees that bore into wood grain (i.e., Xylocopa)",NA,NA,
Nesting biology,Dalmazzo,2010,cavidades preexistentes,cavity,"nidifican en cavidades y huecos formados en troncos, ramas, cañas y construcciones",Michener (2007),NA,
Nesting biology,Dalmazzo,2010,el suelo,ground,NA,Michener (2007),NA,
Nesting biology,Figueroa et al.,2021,above-ground,above-ground,NA,NA,NA,
Nesting biology,Figueroa et al.,2021,below-ground,below-ground,NA,NA,NA,
Nesting biology,Fortuin and Gandhi,2021,cavity nesting,cavity,NA,NA,NA,
Nesting biology,Fortuin and Gandhi,2021,occupied nests (cleptoparasites),cleptoparasite,NA,NA,NA,
Nesting biology,Fortuin and Gandhi,2021,litter nesting,litter,NA,NA,NA,
Nesting biology,Fortuin and Gandhi,2021,softwood nesting,soft wood,NA,NA,NA,
Nesting biology,Fortuin and Gandhi,2021,soil nesting,soil,NA,NA,NA,
Nesting biology,Giannini,2020,cavity,cavity,NA,NA,NA,
Nesting biology,Giannini,2020,exposed,exposed,NA,NA,NA,
Nesting biology,Giannini,2020,soil,soil,NA,NA,NA,
Nesting biology,Giannini,2020,termite,termite nest,NA,NA,NA,
Nesting biology,Giannini,2020,multi,variable,NA,NA,NA,
Nesting biology,Graf et al.,2022,above ground,above-ground,NA,Martins et al. (2013),NA,
Nesting biology,Graf et al.,2022,soil,soil,NA,Martins et al. (2013),NA,
Nesting biology,Graham et al.,2021,cavity,cavity,NA,NA,NA,
Nesting biology,Graham et al.,2021,ground,ground,NA,NA,NA,
Nesting biology,Gruver and Caradonna,2021,above-ground nesting,above-ground,NA,NA,NA,
Nesting biology,Gruver and Caradonna,2021,ground nesting,ground,NA,NA,NA,
Nesting biology,Gutiérrez-Chacón et al.,2020,above ground,above-ground,NA,NA,NA,
Nesting biology,Gutiérrez-Chacón et al.,2020,below ground,below-ground,NA,NA,NA,
Nesting biology,Hamblin et al.,2017,cavity,cavity,NA,NA,NA,
Nesting biology,Hamblin et al.,2017,ground,ground,NA,NA,NA,
Nesting biology,Hamblin et al.,2017,stem/wood,variable,NA,NA,NA,
Nesting biology,Harrison et al.,2018,cavities,cavity,NA,NA,NA,
Nesting biology,Harrison et al.,2018,soil burrows,soil burrows,NA,NA,NA,
Nesting biology,Harrison et al.,2018,plant stems,stem,NA,NA,NA,
Nesting biology,Harrison et al.,2018,wood,wood,NA,NA,NA,
Nesting biology,Hoiss et al.,2012,above ground,above-ground,NA,NA,NA,
Nesting biology,Hoiss et al.,2012,below ground,below-ground,NA,NA,NA,
Nesting biology,Hung et al.,2019,nesting aboveground,above-ground,NA,NA,NA,
Nesting biology,Hung et al.,2019,nesting underground,below-ground,NA,NA,NA,
Nesting biology,Hung et al.,2019,nesting opportunistically either above or underground,variable,NA,NA,NA,
Nesting biology,Kammerer et al.,2021,ground nesters,ground,NA,NA,NA,
Nesting biology,Kammerer et al.,2021,cavity/stem nesters,stem,NA,NA,NA,
Nesting biology,Lichtenberg et al.,2017,nesting in ground (yes),ground,NA,NA,NA,
Nesting biology,Lichtenberg et al.,2017,nesting in ground (no),NA,NA,NA,NA,
Nesting biology,Mazzeo and Torretta,2015,above-ground nesting,above-ground,"included species that nest in pre-existing cavities (e.g. many species of Megachile) and species which make the burrows themselves (e.g. Xylocopa, Lithurgis)",NA,NA,
Nesting biology,Mazzeo and Torretta,2015,below-ground nesting,below-ground,NA,NA,NA,
Nesting biology,Montoya-Pfeiffer et al.,2020,aboveground,above-ground,NA,NA,NA,
Nesting biology,Montoya-Pfeiffer et al.,2020,belowground,below-ground,NA,NA,NA,
Nesting biology,Munyuli,2014,cavity nesters,cavity,NA,NA,NA,
Nesting biology,Munyuli,2014,hive+house wall nesters,variable,NA,NA,NA,
Nesting biology,Munyuli,2014,termite mounts+underground nesters,variable,NA,NA,NA,
Nesting biology,Odanaka and Rehan,2019,ground,ground,NA,Kratschmer et al. (2019),NA,
Nesting biology,Odanaka and Rehan,2019,stem,stem,NA,Kratschmer et al. (2019),NA,
Nesting biology,Persson et al.,2015,above-ground,above-ground,NA,NA,NA,
Nesting biology,Persson et al.,2015,below-ground,below-ground,NA,NA,NA,
Nesting biology,Pisanty and Mandelik,2015,aboveground,above-ground,NA,NA,NA,
Nesting biology,Pisanty and Mandelik,2015,belowground,below-ground,NA,NA,NA,
Nesting biology,Poulsen and Rasmussen,2020,ground nesting,ground,"refers to a taxon that is nesting below ground surface in cavities, burrows, or similar",NA,NA,
Nesting biology,Poulsen and Rasmussen,2020,wood nesting,wood,refers to a taxon that is nesting inside pre-existing or self-excavated tree stems or sticks,NA,NA,
Nesting biology,Shi et al.,2022,above-ground,above-ground,NA,NA,NA,
Nesting biology,Shi et al.,2022,below-ground,below-ground,NA,NA,NA,
Nesting biology,Sobieraj-Betlinska et al.,2022,above-ground,above-ground,NA,NA,NA,
Nesting biology,Sobieraj-Betlinska et al.,2022,below-ground,below-ground,NA,NA,NA,
Nesting biology,Sobieraj-Betlinska et al.,2022,cleptoparasitic,cleptoparasite,NA,NA,NA,
Nesting biology,Sobieraj-Betlinska et al.,2022,mixed,variable,NA,NA,NA,
Nesting biology,Syndeham et al.,2016,above ground,above-ground,NA,NA,NA,
Nesting biology,Syndeham et al.,2016,below ground,below-ground,NA,NA,NA,
Nesting biology,Tonietto et al.,2017,aboveground,above-ground,NA,NA,NA,
Nesting biology,Tonietto et al.,2017,ground,ground,NA,NA,NA,
Nesting biology,Turo et al.,2021,cavity nesting (non-pith),cavity,NA,NA,NA,
Nesting biology,Turo et al.,2021,parasitic,cleptoparasite,NA,NA,NA,
Nesting biology,Turo et al.,2021,ground nesting,ground,NA,NA,NA,
Nesting biology,Turo et al.,2021,human cultivated,human-made structure,NA,NA,NA,
Nesting biology,Turo et al.,2021,pith nesting,stem,NA,NA,NA,
Nesting biology,Stemkovski et al.,2020,above-ground,above-ground,NA,NA,Pardee (2018),
Nesting biology,Stemkovski et al.,2020,below-ground,below-ground,NA,NA,Pardee (2018),
Nesting biology,Ekroos et al.,2013,above ground,above-ground,NA,NA,Persson (2011),
Nesting biology,Ekroos et al.,2013,below ground,below-ground,NA,NA,Persson (2011),
Nesting biology,Samnegard et al.,2015,above-ground,above-ground,NA,NA,Refs in appendix,
Nesting biology,Samnegard et al.,2015,below-ground,below-ground,NA,NA,Refs in appendix,
Nesting biology,Le Feon et al.,2015,above ground,above-ground,nest in various types of above-ground cavities (e.g. in plant stems or wood),NA,Refs in paper,
Nesting biology,Le Feon et al.,2015,below ground,below-ground,nest in the soil,NA,Refs in paper,
Nesting biology,McCravy et al.,2019,aboveground,above-ground,NA,NA,Refs in paper,
Nesting biology,McCravy et al.,2019,belowground,below-ground,NA,NA,Refs in paper,
Nesting biology,Nooten et al.,2020,ground nesting,ground,substrate used: ... soil,NA,Refs in paper,
Nesting biology,Nooten et al.,2020,stem nesting,stem,substrate used: wood or pithy stems,NA,Refs in paper,
Nesting biology,Rollin et al.,2015,endogeic,endogeic,nest in the ground,Oertli et al. (2005); Michener (2007),refs in paper,
Nesting biology,Rollin et al.,2015,hypergeic,hypergeic,"nest in a variety of structures above ground, e.g. in natural cavities (branches and twigs of trees and bushes, spaces under rocks, etc.)",Oertli et al. (2005); Michener (2007),refs in paper,
Nesting biology,Geppert et al.,2023,above ground,above-ground,NA,NA,Refs in supplementary,
Nesting biology,Geppert et al.,2023,below ground,below-ground,NA,NA,Refs in supplementary,
Nesting biology,Cabral Borges et al.,2020,ant,ant nest,species that nest in association with a pre-existent ant nest,NA,refs included in dataset CSV,
Nesting biology,Cabral Borges et al.,2020,cavity,cavity,species that nest in a pre-existent or excavated cavity in tree trunks or branches,NA,refs included in dataset CSV,
Nesting biology,Cabral Borges et al.,2020,exposed,exposed,species with exposed nests that are constructed around tree trunks or branches or around human-made structures,NA,refs included in dataset CSV,
Nesting biology,Cabral Borges et al.,2020,cavity/human-made,human-made structure,"species that nest in a pre-existent or excavated cavity in human-made structures such as walls, bricks and fences",NA,refs included in dataset CSV,
Nesting biology,Cabral Borges et al.,2020,soil,soil,species with subterranean nests in excavated or pre-existent cavities belowground,NA,refs included in dataset CSV,
Nesting biology,Cabral Borges et al.,2020,soil/termite,termite nest,"species that nest belowground, in association with subterranean termite nests",NA,refs included in dataset CSV,
Nesting biology,Cabral Borges et al.,2020,termite,termite nest,species that nest in association with pre-existent termite nests,NA,refs included in dataset CSV,
Nesting biology,Cabral Borges et al.,2020,soil/cavity/human-made,variable,species that nest belowground and in pre-existent natural or human-made nests,NA,refs included in dataset CSV,
Nesting biology,Cabral Borges et al.,2020,exposed/cavity,variable,species that nest in exposed areas and in cavities,NA,refs included in dataset CSV,
Nesting biology,Kratschmer et al.,2019,above-ground nesting,above-ground,"nesting in pre-existing cavities, plant stems, dead wood",NA,Scheuchel and Willner (2016),
Nesting biology,Kratschmer et al.,2019,parasitic,cleptoparasite,females lay their eggs in nests of specific host species,NA,Scheuchel and Willner (2016),
Nesting biology,Kratschmer et al.,2019,ground nesting,ground,excavate nest in the ground,NA,Scheuchel and Willner (2016),
Nesting biology,Kratschmer et al.,2021,aboveground nesting,above-ground,"require preexisting cavities, dead wood, or plant stems",NA,Scheuchel and Willner (2016); Greenleaf et al. (2007); Westrich (2018),
Nesting biology,Kratschmer et al.,2021,ground nesting,ground,excavate nests in the ground,NA,Scheuchel and Willner (2016); Greenleaf et al. (2007); Westrich (2018),
Nesting biology,Carrie et al.,2016,above-ground,above-ground,NA,NA,Settele et al. (2005); Michener (2000); Gathmann and Tscharntke (2002); Bommarco et al. (2010); Fortel et al. (2014); Forrest et al. (2015),
Nesting biology,Carrie et al.,2016,below-ground,below-ground,NA,NA,Settele et al. (2005); Michener (2000); Gathmann and Tscharntke (2002); Bommarco et al. (2010); Fortel et al. (2014); Forrest et al. (2015),
Nesting biology,Coutinho et al.,2021,above-ground,above-ground,NA,NA,Stockhammer (1966); Michener (2000); Almeida (2008),
Nesting biology,Coutinho et al.,2021,below-ground,below-ground,NA,NA,Stockhammer (1966); Michener (2000); Almeida (2008),
Nesting biology,Coutinho et al.,2021,mixed,variable,NA,NA,Stockhammer (1966); Michener (2000); Almeida (2008),
Nesting biology,Dorian et al.,2022,above-ground,above-ground,NA,NA,Harmon-Threatt (2020),
Nesting biology,Dorian et al.,2022,below-ground,below-ground,NA,NA,Harmon-Threatt (2020),
Diet breadth,Banaszak-Cibicka and Zmihorski,2012,oligolectic,oligolectic,single plant species or genus,NA,Banaszak (1993); Scheuchl (1995); Schmid-Egger and Scheuchl (1997); Banaszak et al. (2001); Pesenko et al. (2002); Pawlikowski and Celary (2003),
Diet breadth,Banaszak-Cibicka and Zmihorski,2012,polylectic,polylectic,many plant species,NA,Banaszak (1993); Scheuchl (1995); Schmid-Egger and Scheuchl (1997); Banaszak et al. (2001); Pesenko et al. (2002); Pawlikowski and Celary (2003),
Diet breadth,Bartomeus et al.,2013,oligolectic,oligolectic,NA,NA,NA,
Diet breadth,Bartomeus et al.,2013,polylectic,polylectic,NA,NA,NA,
Diet breadth,Bommarco et al.,2010,oligolectic (specialist),oligolectic,bees that collect pollen only from plants within the same plant family,NA,e.g. Westrich (1990); Michener (2000),
Diet breadth,Bommarco et al.,2010,polylectic (generalist),polylectic,bees that collect pollen from different plant families,NA,e.g. Westrich (1990); Michener (2000),
Diet breadth,Buchholz et al.,2020,oligolectic,oligolectic,NA,NA,"Amiet (1996); Amiet et al. (1999, 2001, 2004, 2007); Gokcezade et al. (2010)",
Diet breadth,Buchholz et al.,2020,polylectic,polylectic,NA,NA,"Amiet (1996); Amiet et al. (1999, 2001, 2004, 2007); Gokcezade et al. (2010)",
Diet breadth,Cane et al.,2006,floral generalist,generalist,NA,NA,"Hurd and Linsley (1975); Krombein et al. (1979); Minckley et al. (1999, 2000)",
Diet breadth,Cane et al.,2006,Larrea specialist,Larrea specialist,NA,NA,"Hurd and Linsley (1975); Krombein et al. (1979); Minckley et al. (1999, 2000)",
Diet breadth,Carper et al.,2014,oligolectic,oligolectic,NA,NA,NA,
Diet breadth,Carper et al.,2014,polylectic,polylectic,NA,NA,NA,
Diet breadth,Carrie et al.,2016,oligolectic,oligolectic,diet specialization was definted by the number of plant families bees collect pollen from (polylectic species = several plant families; oligolectic species = one plant family),NA,Settele et al. (2005); Michener (2000); Gathmann and Tscharntke (2002); Bommarco et al. (2010); Fortel et al. (2014); Forrest et al. (2015),
Diet breadth,Carrie et al.,2016,polylectic,polylectic,diet specialization was definted by the number of plant families bees collect pollen from (polylectic species = several plant families; oligolectic species = one plant family),NA,Settele et al. (2005); Michener (2000); Gathmann and Tscharntke (2002); Bommarco et al. (2010); Fortel et al. (2014); Forrest et al. (2015),
Diet breadth,Cohen et al.,2022,oligolectic,oligolectic,Generalists = polylectic. Example species: Dufourea spp.,NA,NA,
Diet breadth,Cohen et al.,2022,polylectic,polylectic,Specialists = oligolectic. Example species: Xylocopa tabaniformis,NA,NA,
Diet breadth,Cohen et al.,2022,variable,variable,When trait varies within taxon. Example species: Lasioglossum spp.,NA,NA,
Diet breadth,Coutinho et al.,2021,oligolectic (pollen specialist),oligolectic,NA,NA,Michener (2000); Menezes et al. (2012); Paula (2014),
Diet breadth,Coutinho et al.,2021,polylectic (pollen generalist),polylectic,NA,NA,Michener (2000); Menezes et al. (2012); Paula (2014),
Diet breadth,Cunningham-Minnick et al.,2020,oligo,oligolectic,represents a species suggested to forage on <=10 plant families,NA,NA,
Diet breadth,Cunningham-Minnick et al.,2020,poly,polylectic,assigned to species that forage on >10 families,NA,NA,
Diet breadth,Dalmazzo,2010,especialistas,specialist,"abejas que colectan de un mismo género, tribu, subfamilia, o familia de plantas",Minckley et al. (1999),NA,
Diet breadth,Dalmazzo,2010,generalistas,generalist,especies que recogen polen de un amplio número de especies pertenecientes a diversos taxones,Minckley et al. (1999),NA,
Diet breadth,Davis and Comai,2022,oligolectic,oligolectic,NA,NA,Scott (2011); Michener (2007),
Diet breadth,Davis and Comai,2022,parasitic,parasitic,NA,NA,Scott (2011); Michener (2007),
Diet breadth,Davis and Comai,2022,polylectic,polylectic,NA,NA,Scott (2011); Michener (2007),
Diet breadth,De Palma et al.,2015,obligately oligolectic,obligately oligolectic,NA,NA,NA,
Diet breadth,De Palma et al.,2015,polylectic/flexible,polylectic,NA,NA,NA,
Diet breadth,Dorian et al.,2022,specialist,specialist,specialists collect pollen from plants belonging to a single family or a few related genera,NA,Fowler (2016),
Diet breadth,Dorian et al.,2022,generalist,generalist,NA,NA,Fowler (2016),
Diet breadth,Forrest et al.,2015,oligolectic (pollen specialist),oligolectic,NA,NA,Krombein et al. (1979),
Diet breadth,Forrest et al.,2015,polylectic (pollen generalist),polylectic,NA,NA,Krombein et al. (1979),
Diet breadth,Fortuin and Gandhi,2021,generalist,generalist,NA,NA,NA,
Diet breadth,Fortuin and Gandhi,2021,specialist,specialist,NA,NA,NA,
Diet breadth,Garibaldi et al.,2015,oligolectic (no),oligolectic,NA,NA,NA,
Diet breadth,Garibaldi et al.,2015,oligolectic (yes),oligolectic,flower visitors that collect pollen from one or a few closely related plant species,NA,NA,
Diet breadth,Geppert et al.,2023,oligolectic,oligolectic,NA,NA,Refs in supplementary,
Diet breadth,Geppert et al.,2023,polylectic,polylectic,NA,NA,Refs in supplementary,
Diet breadth,Graf et al.,2022,generalist,generalist,NA,Martins et al. (2013),NA,
Diet breadth,Graf et al.,2022,specialist,specialist,NA,Martins et al. (2013),NA,
Diet breadth,Graham et al.,2021,oligolectic,oligolectic,NA,NA,NA,
Diet breadth,Graham et al.,2021,polylectic,polylectic,NA,NA,NA,
Diet breadth,Gruver and Caradonna,2021,oligolectic,oligolectic,NA,NA,NA,
Diet breadth,Gruver and Caradonna,2021,polylectic,polylectic,NA,NA,NA,
Diet breadth,Guenat et al.,2018,oligolectic,oligolectic,NA,NA,"Michener (1971, 2000); Pauly (1998); Eardley et al. (2010)",
Diet breadth,Guenat et al.,2018,polylectic,polylectic,NA,NA,"Michener (1971, 2000); Pauly (1998); Eardley et al. (2010)",
Diet breadth,Hall et al.,2019,broadly polylectic,broadly polylectic,NA,Cane and Sipes (2006),NA,
Diet breadth,Hall et al.,2019,mesolectic,mesolectic,NA,Cane and Sipes (2006),NA,
Diet breadth,Hall et al.,2019,oligolectic,oligolectic,NA,Cane and Sipes (2006),NA,
Diet breadth,Hall et al.,2019,polylectic,polylectic,NA,Cane and Sipes (2006),NA,
Diet breadth,Harrison et al.,2018,not oligolectic,NA,NA,NA,NA,
Diet breadth,Harrison et al.,2018,oligolectic,oligolectic,females are known to collect polen from within a single plant family,NA,NA,
Diet breadth,Hoiss et al.,2012,oligolectic,oligolectic,only one family or genus as pollen source,NA,NA,
Diet breadth,Hoiss et al.,2012,polylectic,polylectic,use of more than one plant family... as pollen source,NA,NA,
Diet breadth,Hung et al.,2019,cleptoparasitic,parasitic,limited to pollen resources of their host bees,NA,NA,
Diet breadth,Hung et al.,2021,mesolectic,mesolectic,NA,NA,NA,
Diet breadth,Hung et al.,2019,mesolectic,mesolectic,restricted to or strongly preferring pollen from fewer than five plant families,NA,NA,
Diet breadth,Hung et al.,2021,oligolectic,oligolectic,NA,NA,NA,
Diet breadth,Hung et al.,2019,oligolectic,oligolectic,specialized on a single plant family,NA,NA,
Diet breadth,Hung et al.,2019,polylectic,polylectic,accepting pollen from five or more plant families,NA,NA,
Diet breadth,Hung et al.,2021,polylectic,polylectic,NA,NA,NA,
Diet breadth,Jacquemin et al.,2020,oligolectic,oligolectic,visiting a small number of floral genera from a single plant family,Robertson (1927),NA,
Diet breadth,Jacquemin et al.,2020,polylectic,polylectic,visiting several floral genera from more than one plant familiy,Robertson (1927),NA,
Diet breadth,Kratschmer et al.,2019,oligolectic,oligolectic,pollen specialists: pollen is collected from closely related or single plant taxa,NA,Scheuchel and Willner (2016),
Diet breadth,Kratschmer et al.,2021,oligolectic,oligolectic,"bees are specialized on closely related/single plant taxa (i.e., narrow oligolecty, monolecty cf. Cane and Sipes, 2006)",Cane and Sipes (2006),Scheuchel and Willner (2016); Greenleaf et al. (2007); Westrich (2018),
Diet breadth,Kratschmer et al.,2019,polylectic,polylectic,pollen generalists: pollen is collected on different plant taxa but species can show a certain degree of flower constancy,NA,Scheuchel and Willner (2016),
Diet breadth,Kratschmer et al.,2021,polylectic,polylectic,"bees collect pollen from different plant taxa (i.e., broad polylecty, mesolecty cf. Cane and Sipes, 2006)",Cane and Sipes (2006),Scheuchel and Willner (2016); Greenleaf et al. (2007); Westrich (2018),
Diet breadth,Lane et al.,2021,oligolectic,oligolectic,consistently provision their young with pollen from a single plant family,Linsley and MacSwain (1958),Refs in table,
Diet breadth,Lane et al.,2021,polylectic,polylectic,NA,Linsley and MacSwain (1958),Refs in table,
Diet breadth,Lazarina et al.,2016,oligolectic,oligolectic,visiting a narrow variety of plant species,NA,Petanidou et al. (2013); Müller (2015); Westrich (1989),
Diet breadth,Lazarina et al.,2016,polylectic,polylectic,visiting a wide variety of plant spaces,NA,Petanidou et al. (2013); Müller (2015); Westrich (1989),
Diet breadth,Le Feon et al.,2015,generalist,generalist,polylectic (i.e. collecting pollen from several plant families) and non-oil-collecting species,NA,Refs in paper,
Diet breadth,Le Feon et al.,2015,specialist (oil-collecting),specialist (oil-collecting),collect oil on specific plant species,NA,Refs in paper,
Diet breadth,Le Feon et al.,2015,specialist (oligolectic),specialist,collect pollen from a single plant family,NA,Refs in paper,
Diet breadth,Maas et al.,2021,oligolectic,oligolectic,NA,NA,NA,
Diet breadth,Maas et al.,2021,polylectic,polylectic,NA,NA,NA,
Diet breadth,Main et al.,2019,generalist,generalist,"Forages on a broad range of floral resources (i.e., polylectic)",NA,Brittain and Potts (2011); Otieno et al. (2015),
Diet breadth,Main et al.,2019,specialist,specialist,"Forages on limited resources; requires specific habitat (i.e., oligolectic)",NA,Brittain and Potts (2011); Otieno et al. (2015),
Diet breadth,Mazzeo and Torretta,2015,generalist or polylectic,generalist,NA,NA,NA,
Diet breadth,Mazzeo and Torretta,2015,specialist or oligolectic/monolectic,specialist,NA,NA,NA,
Diet breadth,McCravy et al.,2019,oligolectic,oligolectic,NA,NA,Refs in paper,
Diet breadth,McCravy et al.,2019,polylectic,polylectic,NA,NA,Refs in paper,
Diet breadth,Montoya-Pfeiffer et al.,2020,oligolectic,oligolectic,NA,NA,NA,
Diet breadth,Montoya-Pfeiffer et al.,2020,polylectic,polylectic,NA,NA,NA,
Diet breadth,Moretti et al.,2009,monolectic,monolectic,pollen collecting at a single species,NA,NA,
Diet breadth,Moretti et al.,2009,no lectic status,parasitic,having no pollen collecting requirements (i.e. a cleptoparasite),NA,NA,
Diet breadth,Moretti et al.,2009,oligolectic,oligolectic,pollen collecting restricted to plants within the same plant family,NA,NA,
Diet breadth,Moretti et al.,2009,polylectic,polylectic,pollen collecting on a number of species from different plant families,NA,NA,
Diet breadth,Normandin et al.,2017,oligolectic,oligolectic,NA,NA,Ascher and Pickering (2014),
Diet breadth,Normandin et al.,2017,polylectic,polylectic,NA,NA,Ascher and Pickering (2014),
Diet breadth,Odanaka and Rehan,2019,oligolecty,oligolectic,NA,Kratschmer et al. (2019),NA,
Diet breadth,Odanaka and Rehan,2019,parasitic,parasitic,NA,Kratschmer et al. (2019),NA,
Diet breadth,Odanaka and Rehan,2019,polylecty,polylectic,NA,Kratschmer et al. (2019),NA,
Diet breadth,Papanikolaou et al.,2017,oligolectic,oligolectic,NA,NA,NA,
Diet breadth,Papanikolaou et al.,2017,polylectic,polylectic,NA,NA,NA,
Diet breadth,Passaseo et al.,2020,generalist,generalist,NA,NA,Banaszak-Cibicka and Zmihorski (2012); Geslin et al. (2013),
Diet breadth,Passaseo et al.,2020,specialist,specialist,NA,NA,Banaszak-Cibicka and Zmihorski (2012); Geslin et al. (2013),
Diet breadth,Pisanty and Mandelik,2015,oligolege,oligolectic,single plant family,NA,NA,
Diet breadth,Pisanty and Mandelik,2015,polylege,polylectic,two or more plant families,NA,NA,
Diet breadth,Rhoades et al.,2017,oligolectic,oligolectic,NA,NA,Williams et al. (2010); Kennedy et al. (2013),
Diet breadth,Rhoades et al.,2017,polylectic,polylectic,NA,NA,Williams et al. (2010); Kennedy et al. (2013),
Diet breadth,Ricotta and Moretti,2011,monolectic,monolectic,pollen collecting at a single species,NA,NA,
Diet breadth,Ricotta and Moretti,2011,no lectic status,parasitic,"no feeding specialization having no pollen collecting requirements (i.e., cleptoparasite)",NA,NA,
Diet breadth,Ricotta and Moretti,2011,oligolectic,oligolectic,pollen collecting restricted to plants within the same plant family,NA,NA,
Diet breadth,Ricotta and Moretti,2011,polylectic,polylectic,pollen collecting on a number of species from different plant families,NA,NA,
Diet breadth,Rodriguez et al.,2021,oligolectic,oligolectic,NA,NA,NA,
Diet breadth,Rodriguez et al.,2021,polylectic,polylectic,NA,NA,NA,
Diet breadth,Rollin et al.,2015,oligolectic,oligolectic,specialized on a particular pollen taxon,Michener (2007),refs in paper,
Diet breadth,Rollin et al.,2015,polylectic,polylectic,forage on various unrelated kinds of flowers for pollen,Michener (2007),refs in paper,
Diet breadth,Sobieraj-Betlinska et al.,2022,oligolectic,oligolectic,NA,NA,NA,
Diet breadth,Sobieraj-Betlinska et al.,2022,polylectic,polylectic,NA,NA,NA,
Diet breadth,Syndeham et al.,2016,pollen specialist (no),specialist,NA,NA,NA,
Diet breadth,Syndeham et al.,2016,pollen specialist (yes),specialist,NA,NA,NA,
Diet breadth,Tonietto et al.,2017,not oligolectic,NA,NA,NA,NA,
Diet breadth,Tonietto et al.,2017,oligolectic,oligolectic,NA,NA,NA,
Diet breadth,Turo et al.,2021,generalist,generalist,NA,NA,NA,
Diet breadth,Turo et al.,2021,specialist,specialist,NA,NA,NA,
Diet breadth,Williams et al.,2010,generalist,generalist,NA,NA,NA,
Diet breadth,Williams et al.,2010,specialist,specialist,NA,NA,NA,
Diet breadth,Wilson and Jamieson,2019,generalist,generalist,collecting pollen from many plant families,NA,Gibbs et al.,
Diet breadth,Wilson and Jamieson,2019,specialist,specialist,collecting or preferring pollen from one plant family,NA,Gibbs et al.,
Diet breadth,Woodcock et al.,2014,oligolectic,oligolectic,NA,NA,NA,
Diet breadth,Woodcock et al.,2014,polylectic,polylectic,NA,NA,NA,
Diet breadth,Wray et al.,2014,oligolectic,oligolectic,NA,NA,NA,
Diet breadth,Wray et al.,2014,polylectic,polylectic,NA,NA,NA,